com.fasterxml.jackson.databind.type.TypeBindings,102,1
com.fasterxml.jackson.databind.deser.BeanDeserializerFactory,103,1
com.fasterxml.jackson.databind.deser.BeanDeserializerFactory,105,1
com.fasterxml.jackson.databind.deser.BeanDeserializerFactory,106,1
com.fasterxml.jackson.databind.deser.BeanDeserializerFactory,113,1
com.fasterxml.jackson.databind.deser.BeanDeserializerFactory,119,1
com.fasterxml.jackson.databind.type.TypeBindings,120,1
com.fasterxml.jackson.databind.type.TypeBindings,125,1
com.fasterxml.jackson.databind.type.TypeBindings,128,1
com.fasterxml.jackson.databind.type.TypeBindings,129,1
com.fasterxml.jackson.databind.type.TypeBindings,132,1
com.fasterxml.jackson.databind.deser.BeanDeserializerFactory,133,1
com.fasterxml.jackson.databind.deser.BeanDeserializerFactory,134,1
com.fasterxml.jackson.databind.type.TypeBindings,135,1
com.fasterxml.jackson.databind.deser.BeanDeserializerFactory,139,1
com.fasterxml.jackson.databind.deser.BeanDeserializerFactory,143,1
com.fasterxml.jackson.databind.deser.DeserializerCache,143,1
com.fasterxml.jackson.databind.type.TypeBindings,145,1
com.fasterxml.jackson.databind.type.TypeBindings,167,1
com.fasterxml.jackson.databind.type.TypeBindings,171,1
com.fasterxml.jackson.databind.type.TypeBindings,172,1
com.fasterxml.jackson.databind.type.TypeBindings,179,1
com.fasterxml.jackson.databind.deser.BeanDeserializerFactory,216,1
com.fasterxml.jackson.databind.deser.BeanDeserializerFactory,217,1
com.fasterxml.jackson.databind.deser.BeanDeserializerFactory,218,1
com.fasterxml.jackson.databind.introspect.BasicBeanDescription,218,1
com.fasterxml.jackson.databind.deser.BeanDeserializerFactory,220,1
com.fasterxml.jackson.databind.introspect.BasicBeanDescription,221,1
com.fasterxml.jackson.databind.deser.DeserializerCache,242,1
com.fasterxml.jackson.databind.deser.DeserializerCache,262,1
com.fasterxml.jackson.databind.deser.DeserializerCache,267,1
com.fasterxml.jackson.databind.deser.DeserializerCache,354,1
com.fasterxml.jackson.databind.deser.DeserializerCache,370,1
com.fasterxml.jackson.databind.deser.DeserializerCache,372,1
com.fasterxml.jackson.databind.deser.DeserializerCache,375,1
com.fasterxml.jackson.databind.type.TypeFactory,399,1
com.fasterxml.jackson.databind.deser.DeserializerCache,402,1
com.fasterxml.jackson.databind.deser.DeserializerCache,405,1
com.fasterxml.jackson.databind.DeserializationContext,439,1
com.fasterxml.jackson.databind.deser.BeanDeserializerFactory,497,1
com.fasterxml.jackson.databind.deser.BeanDeserializerFactory,498,1
com.fasterxml.jackson.databind.deser.BeanDeserializerFactory,702,1
com.fasterxml.jackson.databind.deser.BeanDeserializerFactory,703,1
com.fasterxml.jackson.databind.deser.BeanDeserializerFactory,707,1
com.fasterxml.jackson.databind.type.TypeFactory,902,1
com.fasterxml.jackson.databind.ObjectMapper,2578,1
com.fasterxml.jackson.databind.ObjectMapper,3556,1
com.fasterxml.jackson.databind.ObjectMapper,3557,1
com.fasterxml.jackson.databind.ObjectMapper,3558,1
com.fasterxml.jackson.databind.ObjectMapper,3661,1
com.fasterxml.jackson.databind.ObjectMapper,3662,1
com.fasterxml.jackson.databind.ObjectMapper,3666,1
